customer_id,user_id,event_id,event_type,detector_id,confidence_level,event_timestamp
3,137,3155,MAILFILTER,DETECTOR_5,HIGH,2020-05-16 14:49:01
2,167,3897,SIGN_IN,DETECTOR_1,LOW,2020-09-23 01:08:58
8,187,4206,POSTURE_CHANGE,DETECTOR_6,HIGH,2020-02-04 14:51:10
2,101,1619,POSTURE_CHANGE,DETECTOR_6,HIGH,2020-03-31 02:34:51
6,155,8729,POSTURE_CHANGE,DETECTOR_6,LOW,2020-11-16 21:05:15
3,36,4770,SIGN_IN,DETECTOR_1,LOW,2020-03-29 23:04:24
10,288,6357,POSTURE_CHANGE,DETECTOR_6,HIGH,2020-05-21 22:23:10
10,49,5175,MAILFILTER,DETECTOR_5,LOW,2020-04-09 04:19:03
2,19,8081,SIGN_IN,DETECTOR_3,LOW,2020-05-20 15:45:35
10,193,3434,SIGN_IN,DETECTOR_2,HIGH,2020-10-06 20:28:26
7,63,4169,MAILFILTER,DETECTOR_5,LOW,2020-08-05 17:42:56
4,198,2030,SIGN_IN,DETECTOR_1,HIGH,2020-04-23 17:23:07
7,23,8535,SIGN_IN,DETECTOR_2,HIGH,2020-04-25 06:22:22
3,303,1788,SIGN_IN,DETECTOR_2,LOW,2020-01-11 04:03:39
10,247,6538,MAILFILTER,DETECTOR_5,HIGH,2020-10-10 21:23:55
7,64,3179,SIGN_IN,DETECTOR_3,LOW,2020-10-08 18:42:21
2,102,3297,SIGN_IN,DETECTOR_2,LOW,2020-08-04 10:04:09
4,153,6408,SIGN_IN,DETECTOR_3,LOW,2020-05-15 07:30:08
7,34,8980,SIGN_IN,DETECTOR_3,HIGH,2020-12-19 14:11:56
10,198,1871,MAILFILTER,DETECTOR_5,HIGH,2020-10-09 22:53:28
4,1,3273,SIGN_IN,DETECTOR_2,LOW,2020-01-27 17:13:27
3,294,6991,MAILFILTER,DETECTOR_5,LOW,2020-05-21 01:16:45
1,41,5313,POSTURE_CHANGE,DETECTOR_6,LOW,2020-08-27 05:32:35
8,112,1942,SIGN_IN,DETECTOR_1,LOW,2020-08-27 02:37:29
7,87,8699,POSTURE_CHANGE,DETECTOR_6,LOW,2020-05-06 00:23:01
7,266,3569,SIGN_IN,DETECTOR_1,LOW,2020-02-04 10:24:15
6,156,9754,MAILFILTER,DETECTOR_5,HIGH,2020-10-26 05:46:34
4,112,5112,MAILFILTER,DETECTOR_5,HIGH,2020-01-13 17:20:27
8,102,6846,MAILFILTER,DETECTOR_5,LOW,2020-08-27 17:34:49
7,368,8244,SIGN_IN,DETECTOR_1,HIGH,2020-01-31 10:35:39
1,14,5117,MAILFILTER,DETECTOR_5,HIGH,2020-02-23 22:12:53
8,102,3421,MAILFILTER,DETECTOR_5,LOW,2020-05-21 05:23:06
10,204,7778,SIGN_IN,DETECTOR_2,LOW,2020-01-08 01:35:20
3,212,8918,SIGN_IN,DETECTOR_1,HIGH,2020-12-01 07:34:27
6,47,6966,MAILFILTER,DETECTOR_5,HIGH,2020-09-03 17:13:48
10,57,2747,SIGN_IN,DETECTOR_2,LOW,2020-05-19 01:45:34
8,104,4012,SIGN_IN,DETECTOR_1,LOW,2020-07-12 17:06:31
2,115,9631,SIGN_IN,DETECTOR_2,HIGH,2020-09-06 00:20:30
1,9,9735,POSTURE_CHANGE,DETECTOR_6,HIGH,2020-03-16 16:54:08
10,46,4326,SIGN_IN,DETECTOR_2,LOW,2020-03-17 13:56:08
7,115,3429,POSTURE_CHANGE,DETECTOR_6,LOW,2020-02-12 21:05:56
7,386,8628,MAILFILTER,DETECTOR_5,HIGH,2020-10-06 23:03:19
3,43,6230,MAILFILTER,DETECTOR_5,HIGH,2020-02-09 19:58:58
7,95,7870,SIGN_IN,DETECTOR_3,LOW,2020-05-19 00:14:46
8,74,3071,MAILFILTER,DETECTOR_5,HIGH,2020-11-17 16:22:17
7,330,8299,SIGN_IN,DETECTOR_2,LOW,2020-07-23 04:52:41
1,20,8717,MAILFILTER,DETECTOR_5,HIGH,2020-09-17 15:13:39
3,170,5832,POSTURE_CHANGE,DETECTOR_6,LOW,2020-12-25 02:56:36
6,141,5490,SIGN_IN,DETECTOR_2,HIGH,2020-11-22 15:27:16
10,230,3984,SIGN_IN,DETECTOR_2,LOW,2020-08-25 09:53:35
9,16,9940,POSTURE_CHANGE,DETECTOR_6,HIGH,2020-09-10 16:53:42
7,63,7849,SIGN_IN,DETECTOR_3,LOW,2020-08-28 19:00:40
3,295,9923,SIGN_IN,DETECTOR_3,LOW,2020-05-20 14:07:48
3,304,4358,SIGN_IN,DETECTOR_3,LOW,2020-10-12 10:09:23
10,127,9915,SIGN_IN,DETECTOR_3,LOW,2020-02-22 17:35:39
10,11,7744,SIGN_IN,DETECTOR_2,HIGH,2020-02-16 19:42:27
3,1,9141,POSTURE_CHANGE,DETECTOR_6,HIGH,2020-05-15 03:16:55
3,25,5850,MAILFILTER,DETECTOR_5,LOW,2020-05-06 02:03:01
6,192,2467,SIGN_IN,DETECTOR_1,LOW,2020-09-24 15:01:28
1,12,7770,MAILFILTER,DETECTOR_5,HIGH,2020-04-17 11:50:32
4,30,2837,POSTURE_CHANGE,DETECTOR_6,HIGH,2020-05-30 21:21:19
10,118,2047,MAILFILTER,DETECTOR_5,LOW,2020-09-23 00:23:45
3,232,2651,SIGN_IN,DETECTOR_1,HIGH,2020-06-01 11:56:10
3,174,2429,SIGN_IN,DETECTOR_1,HIGH,2020-07-29 17:54:48
3,162,4557,SIGN_IN,DETECTOR_1,LOW,2020-08-29 20:23:39
7,206,4083,SIGN_IN,DETECTOR_3,LOW,2020-08-17 14:06:29
4,90,5408,POSTURE_CHANGE,DETECTOR_6,HIGH,2020-07-18 10:24:58
6,180,3426,MAILFILTER,DETECTOR_5,LOW,2020-11-10 19:39:27
10,31,2158,MAILFILTER,DETECTOR_5,LOW,2020-11-21 16:20:51
6,47,3782,SIGN_IN,DETECTOR_2,LOW,2020-03-20 21:38:25
3,178,3522,SIGN_IN,DETECTOR_2,HIGH,2020-08-21 20:16:47
3,124,9423,SIGN_IN,DETECTOR_2,LOW,2020-08-16 06:14:08
7,237,7910,SIGN_IN,DETECTOR_3,LOW,2020-12-18 06:34:33
3,66,6831,MAILFILTER,DETECTOR_5,LOW,2020-09-22 17:17:41
2,201,4295,MAILFILTER,DETECTOR_5,LOW,2020-01-13 00:32:52
8,147,2373,SIGN_IN,DETECTOR_1,HIGH,2020-01-16 08:55:23
1,26,1537,SIGN_IN,DETECTOR_2,LOW,2020-06-28 23:22:21
3,179,7111,MAILFILTER,DETECTOR_4,LOW,2020-02-15 20:19:37
8,33,3048,MAILFILTER,DETECTOR_5,HIGH,2020-02-06 08:50:28
3,373,1490,SIGN_IN,DETECTOR_1,LOW,2020-10-07 21:28:28
6,215,4936,SIGN_IN,DETECTOR_1,LOW,2020-02-09 02:20:26
7,375,1765,SIGN_IN,DETECTOR_2,LOW,2020-01-23 20:39:32
4,12,8635,SIGN_IN,DETECTOR_2,LOW,2020-03-02 10:34:33
7,369,9496,SIGN_IN,DETECTOR_3,LOW,2020-07-17 01:29:39
3,193,3798,SIGN_IN,DETECTOR_2,LOW,2020-04-11 01:45:45
4,45,4199,SIGN_IN,DETECTOR_1,LOW,2020-01-01 03:57:38
6,44,2923,MAILFILTER,DETECTOR_5,HIGH,2020-05-02 00:53:35
2,45,7447,MAILFILTER,DETECTOR_5,LOW,2020-06-23 07:42:22
10,228,8850,MAILFILTER,DETECTOR_5,LOW,2020-11-25 20:57:10
10,240,7862,POSTURE_CHANGE,DETECTOR_6,HIGH,2020-06-14 01:04:04
7,12,6130,MAILFILTER,DETECTOR_5,HIGH,2020-10-03 19:35:14
4,28,8103,SIGN_IN,DETECTOR_2,LOW,2020-01-13 02:57:53
3,378,4419,SIGN_IN,DETECTOR_2,HIGH,2020-08-03 11:36:31
3,174,7023,SIGN_IN,DETECTOR_3,LOW,2020-11-24 08:21:28
8,157,5263,MAILFILTER,DETECTOR_4,HIGH,2020-05-31 22:27:04
10,108,1933,SIGN_IN,DETECTOR_2,HIGH,2020-11-02 19:53:49
3,246,9054,MAILFILTER,DETECTOR_5,HIGH,2020-08-13 20:00:45
4,249,7063,MAILFILTER,DETECTOR_5,LOW,2020-02-06 09:11:19
4,37,9071,MAILFILTER,DETECTOR_5,HIGH,2020-12-27 00:58:59
7,258,9448,SIGN_IN,DETECTOR_2,HIGH,2020-01-11 17:44:06
4,114,2210,SIGN_IN,DETECTOR_3,LOW,2020-04-20 11:21:39
3,343,5152,POSTURE_CHANGE,DETECTOR_6,HIGH,2020-09-13 16:39:56
2,188,3293,SIGN_IN,DETECTOR_3,HIGH,2020-12-06 02:35:55
3,123,4782,MAILFILTER,DETECTOR_5,HIGH,2020-12-08 04:39:35
3,52,7016,SIGN_IN,DETECTOR_3,LOW,2020-01-29 16:20:36
10,181,7133,SIGN_IN,DETECTOR_2,LOW,2020-07-09 23:44:04
3,58,3723,MAILFILTER,DETECTOR_5,HIGH,2020-05-18 17:17:57
4,164,6781,SIGN_IN,DETECTOR_1,LOW,2020-02-01 16:35:35
7,37,8147,POSTURE_CHANGE,DETECTOR_6,HIGH,2020-05-03 17:41:25
10,229,5074,MAILFILTER,DETECTOR_4,LOW,2020-05-27 20:14:45
6,32,2352,POSTURE_CHANGE,DETECTOR_6,LOW,2020-03-06 19:34:50
1,23,9384,SIGN_IN,DETECTOR_2,LOW,2020-10-03 02:20:32
7,277,5623,MAILFILTER,DETECTOR_5,LOW,2020-05-30 13:53:08
4,26,3950,MAILFILTER,DETECTOR_5,LOW,2020-06-25 23:30:00
4,161,4734,SIGN_IN,DETECTOR_1,HIGH,2020-03-15 09:48:11
3,148,7705,MAILFILTER,DETECTOR_5,HIGH,2020-02-18 13:20:03
10,181,1018,SIGN_IN,DETECTOR_2,LOW,2020-03-16 21:04:03
6,84,1751,MAILFILTER,DETECTOR_5,LOW,2020-08-18 08:40:08
9,26,9029,SIGN_IN,DETECTOR_2,LOW,2020-09-24 14:55:20
3,121,7508,MAILFILTER,DETECTOR_5,LOW,2020-09-18 13:34:50
7,31,6465,SIGN_IN,DETECTOR_1,HIGH,2020-09-27 22:51:59
4,198,4639,SIGN_IN,DETECTOR_1,HIGH,2020-09-09 10:30:14
10,264,3001,SIGN_IN,DETECTOR_1,HIGH,2020-04-21 00:56:52
4,10,1054,POSTURE_CHANGE,DETECTOR_6,HIGH,2020-05-14 04:38:05
7,115,8674,POSTURE_CHANGE,DETECTOR_6,LOW,2020-04-30 15:34:23
4,164,9666,MAILFILTER,DETECTOR_5,LOW,2020-10-10 21:58:50
4,51,9782,SIGN_IN,DETECTOR_1,LOW,2020-03-29 07:29:13
6,221,7491,MAILFILTER,DETECTOR_5,LOW,2020-05-23 11:56:49
3,230,2892,MAILFILTER,DETECTOR_5,HIGH,2020-05-21 02:53:25
7,201,5401,POSTURE_CHANGE,DETECTOR_6,HIGH,2020-11-01 22:36:20
7,317,5210,SIGN_IN,DETECTOR_2,HIGH,2020-10-10 03:28:56
7,109,8568,SIGN_IN,DETECTOR_2,LOW,2020-06-29 16:08:32
7,348,8758,SIGN_IN,DETECTOR_1,LOW,2020-03-19 13:43:13
3,323,5302,MAILFILTER,DETECTOR_5,LOW,2020-05-13 20:15:17
2,8,3386,SIGN_IN,DETECTOR_3,HIGH,2020-11-12 22:19:29
4,197,7629,POSTURE_CHANGE,DETECTOR_6,HIGH,2020-05-18 14:52:33
2,57,3119,MAILFILTER,DETECTOR_5,HIGH,2020-02-18 18:11:28
3,275,6172,SIGN_IN,DETECTOR_2,LOW,2020-10-13 12:22:00
6,138,8110,MAILFILTER,DETECTOR_4,LOW,2020-03-10 10:50:16
3,272,9324,SIGN_IN,DETECTOR_1,LOW,2020-09-24 20:29:04
2,58,2255,SIGN_IN,DETECTOR_3,HIGH,2020-10-19 11:34:36
4,247,6123,SIGN_IN,DETECTOR_3,LOW,2020-08-28 21:05:56
7,289,4227,MAILFILTER,DETECTOR_5,HIGH,2020-05-27 09:56:53
3,131,5155,SIGN_IN,DETECTOR_2,LOW,2020-05-25 18:40:13
10,55,7484,MAILFILTER,DETECTOR_5,LOW,2020-11-18 18:13:32
10,206,6253,POSTURE_CHANGE,DETECTOR_6,HIGH,2020-11-21 15:07:42
3,317,1825,SIGN_IN,DETECTOR_1,LOW,2020-11-30 14:06:07
10,274,8031,SIGN_IN,DETECTOR_3,HIGH,2020-04-26 19:50:11
1,52,5051,POSTURE_CHANGE,DETECTOR_6,HIGH,2020-10-08 12:09:44
7,98,6918,MAILFILTER,DETECTOR_5,LOW,2020-07-25 23:35:36
4,70,7803,SIGN_IN,DETECTOR_1,LOW,2020-05-31 22:06:40
3,5,8307,SIGN_IN,DETECTOR_2,HIGH,2020-06-14 22:02:00
4,43,9270,SIGN_IN,DETECTOR_3,HIGH,2020-02-12 14:59:12
7,72,5463,MAILFILTER,DETECTOR_5,HIGH,2020-03-30 14:17:18
10,266,3635,SIGN_IN,DETECTOR_2,LOW,2020-11-18 19:56:28
4,137,8762,SIGN_IN,DETECTOR_1,LOW,2020-04-19 17:31:01
8,59,1800,POSTURE_CHANGE,DETECTOR_6,LOW,2020-11-14 03:05:03
1,48,1168,SIGN_IN,DETECTOR_3,LOW,2020-08-02 14:14:02
3,99,8203,POSTURE_CHANGE,DETECTOR_6,HIGH,2020-09-18 05:07:58
6,211,4388,MAILFILTER,DETECTOR_5,HIGH,2020-02-24 06:33:09
10,34,7639,SIGN_IN,DETECTOR_3,HIGH,2020-08-03 17:39:14
3,273,8578,SIGN_IN,DETECTOR_2,LOW,2020-09-11 04:44:23
3,286,8959,MAILFILTER,DETECTOR_4,HIGH,2020-04-18 12:31:58
10,48,3138,SIGN_IN,DETECTOR_2,HIGH,2020-01-31 20:56:26
8,85,2177,SIGN_IN,DETECTOR_3,HIGH,2020-04-05 22:02:17
6,34,8804,MAILFILTER,DETECTOR_5,LOW,2020-01-08 09:42:00
3,222,8985,SIGN_IN,DETECTOR_1,LOW,2020-01-17 09:16:16
7,47,6259,MAILFILTER,DETECTOR_5,HIGH,2020-05-18 06:48:02
2,141,2002,SIGN_IN,DETECTOR_2,HIGH,2020-02-08 19:02:17
4,74,5869,POSTURE_CHANGE,DETECTOR_6,HIGH,2020-02-07 21:13:34
2,157,5920,SIGN_IN,DETECTOR_2,LOW,2020-01-11 07:01:06
7,134,1040,MAILFILTER,DETECTOR_5,HIGH,2020-01-17 00:32:27
3,208,9577,MAILFILTER,DETECTOR_5,HIGH,2020-03-21 11:49:16
4,28,6102,SIGN_IN,DETECTOR_2,HIGH,2020-12-05 02:47:37
10,81,1699,SIGN_IN,DETECTOR_1,LOW,2020-09-26 18:25:49
6,56,7772,MAILFILTER,DETECTOR_5,HIGH,2020-04-05 17:14:12
2,149,7122,POSTURE_CHANGE,DETECTOR_6,HIGH,2020-08-31 21:25:23
3,346,5520,SIGN_IN,DETECTOR_3,HIGH,2020-09-16 07:12:01
3,71,1221,SIGN_IN,DETECTOR_2,LOW,2020-06-28 01:16:07
3,250,1670,SIGN_IN,DETECTOR_3,LOW,2020-01-12 01:21:13
6,162,6081,SIGN_IN,DETECTOR_3,LOW,2020-04-08 22:44:54
6,3,4304,POSTURE_CHANGE,DETECTOR_6,HIGH,2020-06-13 07:23:15
4,130,1440,SIGN_IN,DETECTOR_1,LOW,2020-03-09 22:00:26
4,36,7649,MAILFILTER,DETECTOR_5,HIGH,2020-01-25 04:23:25
4,163,5525,SIGN_IN,DETECTOR_2,LOW,2020-10-25 13:44:30
3,330,8997,SIGN_IN,DETECTOR_2,LOW,2020-05-10 02:01:27
3,228,9105,SIGN_IN,DETECTOR_3,HIGH,2020-10-01 08:01:40
7,94,8803,POSTURE_CHANGE,DETECTOR_6,HIGH,2020-08-13 14:39:46
6,100,9387,SIGN_IN,DETECTOR_1,HIGH,2020-10-17 08:04:31
8,213,4244,POSTURE_CHANGE,DETECTOR_6,HIGH,2020-11-15 18:46:20
8,149,7465,SIGN_IN,DETECTOR_2,LOW,2020-08-26 06:45:56
10,19,3266,SIGN_IN,DETECTOR_2,HIGH,2020-08-13 22:15:18
10,51,5761,MAILFILTER,DETECTOR_5,LOW,2020-08-10 22:45:19
3,25,8183,SIGN_IN,DETECTOR_2,LOW,2020-02-19 03:43:47
3,400,2484,SIGN_IN,DETECTOR_2,LOW,2020-11-06 10:55:22
3,189,3921,SIGN_IN,DETECTOR_2,HIGH,2020-07-11 15:42:20
3,155,3744,SIGN_IN,DETECTOR_3,LOW,2020-07-22 03:47:37
10,115,7190,SIGN_IN,DETECTOR_2,LOW,2020-10-03 11:18:48
7,147,8141,MAILFILTER,DETECTOR_5,HIGH,2020-04-27 11:54:24
3,259,8694,MAILFILTER,DETECTOR_5,LOW,2020-11-27 19:06:20
2,127,1420,POSTURE_CHANGE,DETECTOR_6,HIGH,2020-06-18 08:34:25
3,326,3821,SIGN_IN,DETECTOR_1,LOW,2020-12-10 12:40:43
6,177,3621,MAILFILTER,DETECTOR_5,LOW,2020-09-26 07:25:31
3,399,2102,MAILFILTER,DETECTOR_5,HIGH,2020-01-01 09:35:52
7,17,2165,SIGN_IN,DETECTOR_1,HIGH,2020-07-10 09:52:14
2,155,6807,SIGN_IN,DETECTOR_2,LOW,2020-04-11 06:02:35
7,114,2753,SIGN_IN,DETECTOR_1,LOW,2020-03-12 09:52:30
10,287,9547,MAILFILTER,DETECTOR_5,LOW,2020-10-22 03:02:34
7,357,9820,MAILFILTER,DETECTOR_5,HIGH,2020-01-23 17:05:45
7,217,5264,SIGN_IN,DETECTOR_2,LOW,2020-04-11 19:33:53
3,129,7099,SIGN_IN,DETECTOR_1,HIGH,2020-10-23 01:40:02
10,100,1232,MAILFILTER,DETECTOR_5,LOW,2020-09-23 13:51:01
6,133,1158,MAILFILTER,DETECTOR_5,HIGH,2020-10-01 13:48:23
10,26,6796,SIGN_IN,DETECTOR_2,LOW,2020-01-03 19:43:27
2,42,5588,MAILFILTER,DETECTOR_5,LOW,2020-04-22 14:32:26
4,196,9850,MAILFILTER,DETECTOR_5,LOW,2020-05-24 05:24:35
4,100,9796,SIGN_IN,DETECTOR_1,LOW,2020-07-27 20:05:26
9,33,5841,MAILFILTER,DETECTOR_5,HIGH,2020-08-08 17:15:09
7,19,9797,SIGN_IN,DETECTOR_2,LOW,2020-10-26 00:36:21
8,28,3923,MAILFILTER,DETECTOR_5,LOW,2020-06-18 18:49:40
6,117,1694,SIGN_IN,DETECTOR_2,LOW,2020-04-18 05:55:56
10,174,3404,POSTURE_CHANGE,DETECTOR_6,HIGH,2020-07-15 05:47:31
3,343,1592,SIGN_IN,DETECTOR_3,HIGH,2020-03-11 11:23:55
8,131,6567,SIGN_IN,DETECTOR_2,LOW,2020-06-01 10:16:51
7,119,2969,SIGN_IN,DETECTOR_2,LOW,2020-10-20 18:06:28
3,239,9388,SIGN_IN,DETECTOR_2,LOW,2020-04-04 20:07:54
7,262,8515,MAILFILTER,DETECTOR_5,HIGH,2020-05-26 05:07:18
10,32,4443,SIGN_IN,DETECTOR_2,LOW,2020-06-18 09:12:44
7,237,5484,POSTURE_CHANGE,DETECTOR_6,HIGH,2020-02-21 00:29:10
10,198,2962,SIGN_IN,DETECTOR_1,HIGH,2020-03-13 08:53:59
4,225,8587,MAILFILTER,DETECTOR_5,LOW,2020-12-04 08:00:00
3,140,3088,SIGN_IN,DETECTOR_3,HIGH,2020-06-02 13:45:18
10,81,6624,SIGN_IN,DETECTOR_2,LOW,2020-09-02 20:36:06
6,90,3448,MAILFILTER,DETECTOR_5,LOW,2020-09-11 11:03:53
9,39,4653,MAILFILTER,DETECTOR_5,LOW,2020-10-02 16:12:29
10,203,6855,MAILFILTER,DETECTOR_5,LOW,2020-07-30 20:42:06
9,3,2789,MAILFILTER,DETECTOR_5,LOW,2020-01-05 05:46:25
3,276,1487,MAILFILTER,DETECTOR_5,HIGH,2020-08-31 02:26:44
10,280,3112,MAILFILTER,DETECTOR_5,HIGH,2020-10-23 05:41:25
8,21,9394,MAILFILTER,DETECTOR_5,LOW,2020-04-09 07:45:05
6,108,1483,MAILFILTER,DETECTOR_5,HIGH,2020-09-01 20:27:52
7,25,6553,SIGN_IN,DETECTOR_3,LOW,2020-09-26 03:37:18
10,260,9216,MAILFILTER,DETECTOR_5,HIGH,2020-08-13 09:53:44
5,12,8481,MAILFILTER,DETECTOR_5,LOW,2020-07-15 09:43:25
4,191,4652,SIGN_IN,DETECTOR_2,HIGH,2020-08-15 05:12:29
2,52,7848,MAILFILTER,DETECTOR_5,LOW,2020-04-10 11:12:35
8,55,9831,MAILFILTER,DETECTOR_5,LOW,2020-07-03 11:55:45
3,347,8114,MAILFILTER,DETECTOR_5,HIGH,2020-01-31 21:22:07
9,37,8136,POSTURE_CHANGE,DETECTOR_6,LOW,2020-09-04 15:36:49
7,29,2443,POSTURE_CHANGE,DETECTOR_6,HIGH,2020-04-28 12:13:51
3,25,2620,SIGN_IN,DETECTOR_1,LOW,2020-04-02 22:14:09
3,93,8844,SIGN_IN,DETECTOR_1,HIGH,2020-06-10 18:30:53
8,155,7704,POSTURE_CHANGE,DETECTOR_6,HIGH,2020-02-25 00:03:40
1,45,3704,SIGN_IN,DETECTOR_2,LOW,2020-07-31 08:47:52
10,54,7075,MAILFILTER,DETECTOR_5,LOW,2020-12-25 13:33:02
10,282,6401,SIGN_IN,DETECTOR_2,LOW,2020-04-04 14:14:54
10,213,5867,POSTURE_CHANGE,DETECTOR_6,HIGH,2020-05-09 17:45:05
2,48,2265,SIGN_IN,DETECTOR_1,HIGH,2020-06-21 05:29:59
2,156,7247,SIGN_IN,DETECTOR_2,LOW,2020-07-09 09:11:24
8,83,6096,SIGN_IN,DETECTOR_1,HIGH,2020-09-05 10:19:32
5,11,7383,MAILFILTER,DETECTOR_5,LOW,2020-04-16 23:40:04
4,264,1058,SIGN_IN,DETECTOR_2,LOW,2020-11-03 08:55:21
3,332,4364,MAILFILTER,DETECTOR_5,HIGH,2020-02-28 20:38:53
7,256,8053,SIGN_IN,DETECTOR_2,LOW,2020-07-06 08:04:25
3,208,8574,POSTURE_CHANGE,DETECTOR_6,HIGH,2020-04-06 01:37:25
2,38,2820,SIGN_IN,DETECTOR_3,LOW,2020-07-08 13:01:46
2,57,7673,POSTURE_CHANGE,DETECTOR_6,LOW,2020-02-13 23:42:24
3,406,4532,SIGN_IN,DETECTOR_3,LOW,2020-09-14 03:11:06
8,192,5072,SIGN_IN,DETECTOR_1,LOW,2020-10-27 02:32:30
8,35,8557,MAILFILTER,DETECTOR_5,LOW,2020-01-26 18:20:21
1,48,4751,MAILFILTER,DETECTOR_5,LOW,2020-03-05 16:45:56
4,170,9447,MAILFILTER,DETECTOR_5,HIGH,2020-04-01 18:49:13
6,109,7350,MAILFILTER,DETECTOR_5,HIGH,2020-03-08 23:26:49
7,368,8215,SIGN_IN,DETECTOR_3,HIGH,2020-04-25 11:20:27
3,190,9698,POSTURE_CHANGE,DETECTOR_6,HIGH,2020-05-10 10:24:14
7,366,1442,SIGN_IN,DETECTOR_2,LOW,2020-06-24 21:45:52
8,86,1436,SIGN_IN,DETECTOR_2,LOW,2020-07-02 21:32:07
3,256,3762,MAILFILTER,DETECTOR_5,LOW,2020-07-23 16:35:56
2,47,4692,SIGN_IN,DETECTOR_3,LOW,2020-02-14 00:31:55
2,141,5269,POSTURE_CHANGE,DETECTOR_6,HIGH,2020-04-29 20:42:50
3,73,7825,MAILFILTER,DETECTOR_5,HIGH,2020-08-13 00:57:28
2,82,7304,POSTURE_CHANGE,DETECTOR_6,HIGH,2020-08-15 12:34:44
7,229,9912,MAILFILTER,DETECTOR_5,LOW,2020-08-28 02:07:03
2,177,2234,SIGN_IN,DETECTOR_1,LOW,2020-01-05 17:05:56
7,62,5908,MAILFILTER,DETECTOR_5,HIGH,2020-07-29 02:20:19
4,191,5322,MAILFILTER,DETECTOR_5,HIGH,2020-01-08 22:49:54
3,94,3313,POSTURE_CHANGE,DETECTOR_6,HIGH,2020-12-17 09:21:54
8,208,7392,MAILFILTER,DETECTOR_5,LOW,2020-01-12 11:16:11
7,80,8994,MAILFILTER,DETECTOR_5,HIGH,2020-11-25 00:14:45
2,10,2602,SIGN_IN,DETECTOR_2,HIGH,2020-01-10 18:12:50
7,43,9612,SIGN_IN,DETECTOR_2,LOW,2020-07-23 12:34:43
3,256,2324,SIGN_IN,DETECTOR_2,LOW,2020-01-09 15:16:20
8,175,1614,SIGN_IN,DETECTOR_1,LOW,2020-09-30 08:34:01
4,116,7177,MAILFILTER,DETECTOR_5,LOW,2020-09-08 03:35:09
7,46,6442,POSTURE_CHANGE,DETECTOR_6,HIGH,2020-08-05 23:27:11
3,361,6257,MAILFILTER,DETECTOR_5,HIGH,2020-12-16 08:18:18
2,170,4988,MAILFILTER,DETECTOR_5,HIGH,2020-11-25 03:29:46
6,38,8326,SIGN_IN,DETECTOR_1,LOW,2020-02-12 02:02:57
3,118,4242,MAILFILTER,DETECTOR_5,LOW,2020-06-09 20:00:26
6,51,5359,POSTURE_CHANGE,DETECTOR_6,HIGH,2020-03-05 12:45:26
6,195,3524,MAILFILTER,DETECTOR_5,HIGH,2020-11-28 17:50:29
7,235,4542,SIGN_IN,DETECTOR_2,LOW,2020-03-09 15:51:28
7,114,2420,SIGN_IN,DETECTOR_3,HIGH,2020-04-11 01:41:47
2,138,5962,SIGN_IN,DETECTOR_1,LOW,2020-10-17 18:47:52
3,40,4056,SIGN_IN,DETECTOR_3,HIGH,2020-03-11 09:14:06
8,51,7533,MAILFILTER,DETECTOR_5,LOW,2020-12-19 08:44:32
6,207,8930,MAILFILTER,DETECTOR_5,HIGH,2020-10-02 04:30:24
6,29,2437,SIGN_IN,DETECTOR_1,LOW,2020-07-30 11:56:50
9,19,3563,SIGN_IN,DETECTOR_2,LOW,2020-02-10 03:28:41
3,39,3564,MAILFILTER,DETECTOR_5,LOW,2020-11-12 15:46:25
6,14,3097,SIGN_IN,DETECTOR_3,LOW,2020-04-03 04:21:55
4,122,4656,SIGN_IN,DETECTOR_3,LOW,2020-03-03 03:12:39
3,146,4158,MAILFILTER,DETECTOR_5,HIGH,2020-04-04 12:10:46
3,179,3018,MAILFILTER,DETECTOR_5,LOW,2020-05-08 16:39:21
4,40,1289,SIGN_IN,DETECTOR_3,LOW,2020-12-19 03:41:51
2,148,3161,SIGN_IN,DETECTOR_2,LOW,2020-11-04 19:52:57
8,48,3320,SIGN_IN,DETECTOR_1,HIGH,2020-01-26 02:21:43
10,260,2904,SIGN_IN,DETECTOR_2,LOW,2020-09-24 14:11:16
7,230,6399,SIGN_IN,DETECTOR_2,HIGH,2020-04-05 12:59:11
1,17,9769,MAILFILTER,DETECTOR_5,HIGH,2020-10-17 21:21:39
8,104,1669,MAILFILTER,DETECTOR_5,LOW,2020-06-11 19:29:08
2,100,7351,POSTURE_CHANGE,DETECTOR_6,HIGH,2020-11-21 10:10:02
4,214,3238,MAILFILTER,DETECTOR_5,LOW,2020-12-06 18:48:01
4,141,4493,MAILFILTER,DETECTOR_5,LOW,2020-04-22 13:54:58
8,52,8022,MAILFILTER,DETECTOR_5,HIGH,2020-04-17 03:44:54
2,135,7522,POSTURE_CHANGE,DETECTOR_6,HIGH,2020-08-02 00:31:22
8,22,4407,MAILFILTER,DETECTOR_5,LOW,2020-11-25 23:28:20
10,232,8250,SIGN_IN,DETECTOR_2,LOW,2020-05-27 01:40:34
2,150,1690,SIGN_IN,DETECTOR_1,LOW,2020-09-23 03:04:45
10,128,8649,MAILFILTER,DETECTOR_5,HIGH,2020-02-21 23:41:27
6,178,2057,MAILFILTER,DETECTOR_4,HIGH,2020-04-11 10:42:07
4,229,3536,MAILFILTER,DETECTOR_5,HIGH,2020-12-26 14:08:39
6,225,6517,SIGN_IN,DETECTOR_3,LOW,2020-06-21 15:51:31
10,151,2401,SIGN_IN,DETECTOR_2,HIGH,2020-08-23 08:45:05
3,258,8480,MAILFILTER,DETECTOR_5,HIGH,2020-08-19 11:20:28
10,249,6173,SIGN_IN,DETECTOR_3,LOW,2020-07-21 09:50:23
7,43,5973,MAILFILTER,DETECTOR_5,HIGH,2020-03-07 18:43:04
8,155,9041,MAILFILTER,DETECTOR_5,HIGH,2020-12-24 08:40:13
2,183,9183,MAILFILTER,DETECTOR_5,LOW,2020-08-03 14:23:59
7,307,2190,SIGN_IN,DETECTOR_1,HIGH,2020-05-14 08:48:07
3,152,6605,SIGN_IN,DETECTOR_2,LOW,2020-09-19 22:24:02
8,151,3579,SIGN_IN,DETECTOR_1,LOW,2020-07-07 09:34:39
8,154,8095,SIGN_IN,DETECTOR_2,HIGH,2020-12-16 17:07:44
3,117,5047,SIGN_IN,DETECTOR_1,LOW,2020-02-06 23:47:45
7,77,3826,MAILFILTER,DETECTOR_5,HIGH,2020-02-02 06:44:53
6,78,6380,POSTURE_CHANGE,DETECTOR_6,LOW,2020-07-01 13:18:32
10,76,6883,SIGN_IN,DETECTOR_1,LOW,2020-11-06 11:46:05
3,340,3582,MAILFILTER,DETECTOR_5,LOW,2020-10-24 02:18:30
3,294,2438,MAILFILTER,DETECTOR_5,HIGH,2020-01-27 19:58:53
1,20,5653,SIGN_IN,DETECTOR_1,LOW,2020-01-30 17:20:13
2,139,5455,MAILFILTER,DETECTOR_4,HIGH,2020-11-14 20:18:48
8,8,8961,SIGN_IN,DETECTOR_1,LOW,2020-03-11 07:05:47
7,346,5451,MAILFILTER,DETECTOR_5,HIGH,2020-01-04 14:47:05
8,1,5459,SIGN_IN,DETECTOR_1,LOW,2020-04-03 23:26:47
3,14,2549,SIGN_IN,DETECTOR_1,LOW,2020-04-04 12:24:57
3,183,1724,MAILFILTER,DETECTOR_5,HIGH,2020-08-05 08:54:16
8,206,5987,SIGN_IN,DETECTOR_3,LOW,2020-07-02 00:36:08
7,160,7348,MAILFILTER,DETECTOR_5,HIGH,2020-01-01 18:16:12
4,168,8864,MAILFILTER,DETECTOR_5,LOW,2020-06-26 02:43:21
7,150,1906,MAILFILTER,DETECTOR_5,LOW,2020-08-30 03:15:02
6,214,2942,MAILFILTER,DETECTOR_5,HIGH,2020-07-17 03:46:57
4,2,9293,POSTURE_CHANGE,DETECTOR_6,HIGH,2020-02-25 08:03:37
2,93,2569,SIGN_IN,DETECTOR_3,LOW,2020-04-25 05:51:28
2,16,1170,SIGN_IN,DETECTOR_2,LOW,2020-10-12 11:09:20
10,157,3737,MAILFILTER,DETECTOR_5,HIGH,2020-11-13 15:18:36
2,36,7014,SIGN_IN,DETECTOR_2,LOW,2020-06-10 19:06:47
3,215,3152,SIGN_IN,DETECTOR_1,HIGH,2020-03-06 19:11:27
7,5,7917,SIGN_IN,DETECTOR_3,LOW,2020-07-23 04:36:47
7,154,7548,POSTURE_CHANGE,DETECTOR_6,HIGH,2020-02-13 05:59:00
4,148,2483,SIGN_IN,DETECTOR_1,HIGH,2020-11-21 22:15:06
8,21,3753,MAILFILTER,DETECTOR_5,HIGH,2020-04-08 19:29:34
3,212,7121,SIGN_IN,DETECTOR_2,LOW,2020-10-16 10:04:22
6,194,9960,SIGN_IN,DETECTOR_1,LOW,2020-02-02 09:05:58
3,1,5698,SIGN_IN,DETECTOR_2,HIGH,2020-02-23 21:31:47
3,196,4872,MAILFILTER,DETECTOR_5,HIGH,2020-09-12 10:48:28
3,39,4404,SIGN_IN,DETECTOR_2,HIGH,2020-08-10 07:59:13
7,163,7489,MAILFILTER,DETECTOR_5,LOW,2020-04-20 07:34:24
8,149,8143,MAILFILTER,DETECTOR_5,HIGH,2020-07-07 09:58:31
7,258,5104,SIGN_IN,DETECTOR_2,HIGH,2020-09-23 03:18:31
3,111,4222,POSTURE_CHANGE,DETECTOR_6,LOW,2020-12-04 17:02:19
3,194,7197,SIGN_IN,DETECTOR_2,LOW,2020-03-15 01:20:59
8,149,5975,SIGN_IN,DETECTOR_1,LOW,2020-08-29 07:40:49
7,26,7155,MAILFILTER,DETECTOR_5,HIGH,2020-08-29 12:04:06
10,42,6007,SIGN_IN,DETECTOR_2,HIGH,2020-03-10 10:30:37
4,253,5476,SIGN_IN,DETECTOR_3,LOW,2020-09-17 12:55:25
4,181,9337,MAILFILTER,DETECTOR_5,LOW,2020-04-01 11:07:44
7,81,8821,SIGN_IN,DETECTOR_3,LOW,2020-11-23 17:24:47
10,15,1629,MAILFILTER,DETECTOR_5,LOW,2020-09-03 11:12:55
6,106,7921,SIGN_IN,DETECTOR_2,LOW,2020-04-21 07:43:01
1,37,6494,SIGN_IN,DETECTOR_2,LOW,2020-07-24 13:08:02
3,79,4073,SIGN_IN,DETECTOR_3,HIGH,2020-04-07 23:38:32
6,217,6467,POSTURE_CHANGE,DETECTOR_6,HIGH,2020-03-11 10:23:18
2,94,4166,SIGN_IN,DETECTOR_1,HIGH,2020-07-21 17:27:54
3,260,1185,SIGN_IN,DETECTOR_2,HIGH,2020-05-02 11:11:54
3,151,7820,MAILFILTER,DETECTOR_5,HIGH,2020-09-30 04:44:33
4,33,3231,SIGN_IN,DETECTOR_3,LOW,2020-06-17 16:59:36
8,210,5886,POSTURE_CHANGE,DETECTOR_6,HIGH,2020-05-24 17:37:04
6,39,2312,POSTURE_CHANGE,DETECTOR_6,HIGH,2020-01-31 00:40:57
7,214,4281,SIGN_IN,DETECTOR_3,LOW,2020-12-13 08:15:29
6,34,1190,POSTURE_CHANGE,DETECTOR_6,LOW,2020-04-26 00:07:32
10,118,6683,SIGN_IN,DETECTOR_2,LOW,2020-10-21 23:33:40
3,345,8796,SIGN_IN,DETECTOR_2,LOW,2020-09-16 00:19:33
2,3,2713,MAILFILTER,DETECTOR_5,LOW,2020-02-17 18:01:20
3,356,7091,POSTURE_CHANGE,DETECTOR_6,LOW,2020-07-24 05:48:03
10,44,7082,SIGN_IN,DETECTOR_2,LOW,2020-01-29 04:42:49
4,218,4125,POSTURE_CHANGE,DETECTOR_6,LOW,2020-07-07 03:44:26
6,185,9026,POSTURE_CHANGE,DETECTOR_6,HIGH,2020-10-07 04:53:32
3,188,4995,SIGN_IN,DETECTOR_2,LOW,2020-02-18 13:09:17
3,195,6882,SIGN_IN,DETECTOR_2,LOW,2020-03-05 11:48:38
10,278,9688,MAILFILTER,DETECTOR_5,HIGH,2020-07-11 11:16:31
3,100,8978,SIGN_IN,DETECTOR_2,LOW,2020-02-13 03:33:32
8,63,1990,POSTURE_CHANGE,DETECTOR_6,HIGH,2020-06-15 19:30:37
7,31,1734,SIGN_IN,DETECTOR_1,LOW,2020-11-27 17:03:24
4,161,1960,SIGN_IN,DETECTOR_2,LOW,2020-10-17 11:53:06
3,166,9207,MAILFILTER,DETECTOR_5,LOW,2020-02-24 19:33:32
4,17,3096,POSTURE_CHANGE,DETECTOR_6,HIGH,2020-08-24 03:36:29
6,72,3323,SIGN_IN,DETECTOR_2,LOW,2020-03-30 14:59:05
3,170,7039,MAILFILTER,DETECTOR_5,HIGH,2020-03-14 02:47:46
1,39,7908,POSTURE_CHANGE,DETECTOR_6,HIGH,2020-09-10 11:43:01
10,18,4732,MAILFILTER,DETECTOR_5,HIGH,2020-03-22 07:28:27
4,93,8894,POSTURE_CHANGE,DETECTOR_6,HIGH,2020-02-02 19:00:47
7,60,7520,SIGN_IN,DETECTOR_1,LOW,2020-02-01 20:47:27
4,116,1790,SIGN_IN,DETECTOR_1,LOW,2020-06-25 23:09:40
7,350,5283,SIGN_IN,DETECTOR_2,LOW,2020-01-12 13:02:57
8,116,9615,POSTURE_CHANGE,DETECTOR_6,HIGH,2020-02-13 16:26:25
3,80,5649,SIGN_IN,DETECTOR_2,HIGH,2020-12-25 03:50:50
4,19,3196,SIGN_IN,DETECTOR_3,LOW,2020-02-05 02:52:21
6,192,6635,SIGN_IN,DETECTOR_2,HIGH,2020-12-06 13:09:02
6,95,8679,SIGN_IN,DETECTOR_1,LOW,2020-02-10 20:06:05
6,223,4879,POSTURE_CHANGE,DETECTOR_6,LOW,2020-11-04 02:39:49
1,22,8314,POSTURE_CHANGE,DETECTOR_6,HIGH,2020-08-28 16:06:47
8,47,7543,MAILFILTER,DETECTOR_5,HIGH,2020-07-09 03:54:22
3,399,9825,SIGN_IN,DETECTOR_3,LOW,2020-07-04 14:47:25
6,169,4363,SIGN_IN,DETECTOR_3,LOW,2020-11-12 21:16:40
4,223,3099,SIGN_IN,DETECTOR_2,LOW,2020-08-23 22:53:08
7,309,6267,SIGN_IN,DETECTOR_2,LOW,2020-01-19 13:44:03
6,86,8302,SIGN_IN,DETECTOR_1,LOW,2020-09-17 12:20:50
6,78,4389,POSTURE_CHANGE,DETECTOR_6,LOW,2020-10-04 00:25:25
7,12,4039,MAILFILTER,DETECTOR_5,HIGH,2020-12-29 07:06:52
7,72,3060,SIGN_IN,DETECTOR_1,HIGH,2020-12-08 09:45:57
9,21,3527,MAILFILTER,DETECTOR_5,HIGH,2020-02-22 17:19:36
3,286,6865,SIGN_IN,DETECTOR_3,LOW,2020-06-23 20:31:44
7,298,8880,SIGN_IN,DETECTOR_3,LOW,2020-11-21 08:10:06
3,324,9584,SIGN_IN,DETECTOR_2,HIGH,2020-05-28 04:21:03
6,133,1857,SIGN_IN,DETECTOR_2,HIGH,2020-02-07 02:24:47
7,347,3572,MAILFILTER,DETECTOR_5,LOW,2020-06-19 20:30:58
10,248,7701,SIGN_IN,DETECTOR_2,LOW,2020-03-11 09:00:46
3,110,2855,MAILFILTER,DETECTOR_5,LOW,2020-10-14 17:34:21
2,90,8385,SIGN_IN,DETECTOR_3,HIGH,2020-10-01 03:49:32
2,150,1870,MAILFILTER,DETECTOR_5,LOW,2020-10-04 15:53:44
10,279,6511,MAILFILTER,DETECTOR_5,HIGH,2020-07-21 07:29:37
7,46,1439,MAILFILTER,DETECTOR_5,LOW,2020-04-13 03:28:50
7,182,2715,SIGN_IN,DETECTOR_2,LOW,2020-08-27 14:24:30
4,150,8564,POSTURE_CHANGE,DETECTOR_6,LOW,2020-12-14 09:00:08
10,269,9950,SIGN_IN,DETECTOR_1,LOW,2020-10-20 03:52:20
10,95,4534,SIGN_IN,DETECTOR_3,LOW,2020-04-10 13:25:28
7,134,4658,MAILFILTER,DETECTOR_4,HIGH,2020-02-23 01:12:29
9,40,7017,MAILFILTER,DETECTOR_4,LOW,2020-09-29 11:22:59
6,79,4884,MAILFILTER,DETECTOR_5,HIGH,2020-04-17 05:19:40
9,11,6413,MAILFILTER,DETECTOR_5,LOW,2020-08-03 08:22:27
6,170,7089,SIGN_IN,DETECTOR_2,LOW,2020-02-19 22:24:16
3,225,7695,MAILFILTER,DETECTOR_5,LOW,2020-08-15 13:47:38
3,144,8733,SIGN_IN,DETECTOR_3,LOW,2020-01-03 03:28:21
3,62,7712,MAILFILTER,DETECTOR_5,HIGH,2020-03-18 03:32:59
10,59,7564,SIGN_IN,DETECTOR_2,LOW,2020-03-23 07:23:07
7,230,1220,MAILFILTER,DETECTOR_5,HIGH,2020-05-18 16:59:36
8,18,6988,SIGN_IN,DETECTOR_3,LOW,2020-03-06 21:38:42
2,71,7449,MAILFILTER,DETECTOR_5,LOW,2020-05-30 19:44:00
10,30,8126,SIGN_IN,DETECTOR_2,LOW,2020-05-21 21:05:23
7,321,3422,MAILFILTER,DETECTOR_5,HIGH,2020-12-15 13:07:11
10,21,6176,SIGN_IN,DETECTOR_2,LOW,2020-04-23 07:35:25
3,180,2547,MAILFILTER,DETECTOR_5,LOW,2020-08-31 19:50:59
8,5,5067,MAILFILTER,DETECTOR_5,HIGH,2020-07-21 07:13:21
6,91,7300,MAILFILTER,DETECTOR_5,LOW,2020-05-17 11:11:53
3,179,9242,MAILFILTER,DETECTOR_5,LOW,2020-02-16 23:25:02
4,270,1909,SIGN_IN,DETECTOR_2,HIGH,2020-09-04 12:57:18
7,376,4487,SIGN_IN,DETECTOR_2,LOW,2020-11-14 22:41:49
3,37,8510,SIGN_IN,DETECTOR_1,LOW,2020-05-10 12:31:19
7,176,9092,SIGN_IN,DETECTOR_1,LOW,2020-07-08 22:55:46
7,63,4762,MAILFILTER,DETECTOR_5,LOW,2020-05-03 23:14:48
10,144,7260,MAILFILTER,DETECTOR_5,LOW,2020-08-21 06:15:56
10,62,3025,SIGN_IN,DETECTOR_3,LOW,2020-12-20 02:02:30
10,185,4778,MAILFILTER,DETECTOR_5,LOW,2020-03-14 04:29:03
7,255,2894,SIGN_IN,DETECTOR_1,HIGH,2020-07-26 12:01:42
8,54,6886,SIGN_IN,DETECTOR_1,LOW,2020-01-01 19:43:04
10,27,3301,MAILFILTER,DETECTOR_5,HIGH,2020-03-23 00:07:54
6,83,7783,POSTURE_CHANGE,DETECTOR_6,HIGH,2020-07-18 21:49:53
2,5,2287,MAILFILTER,DETECTOR_5,LOW,2020-03-18 01:01:17
4,80,3466,SIGN_IN,DETECTOR_2,HIGH,2020-09-02 23:34:07
3,113,1671,SIGN_IN,DETECTOR_2,LOW,2020-09-15 08:09:33
4,246,7672,MAILFILTER,DETECTOR_5,LOW,2020-09-08 09:35:58
6,202,9037,SIGN_IN,DETECTOR_2,LOW,2020-05-21 07:55:46
7,246,6061,SIGN_IN,DETECTOR_3,LOW,2020-04-29 21:31:06
7,344,2584,MAILFILTER,DETECTOR_5,HIGH,2020-09-05 09:17:06
8,80,9895,MAILFILTER,DETECTOR_5,LOW,2020-07-27 22:20:21
2,18,4548,SIGN_IN,DETECTOR_2,LOW,2020-02-13 13:14:51
3,125,6815,POSTURE_CHANGE,DETECTOR_6,HIGH,2020-03-09 15:49:34
3,119,9646,SIGN_IN,DETECTOR_2,HIGH,2020-12-16 14:08:26
3,327,7415,MAILFILTER,DETECTOR_5,HIGH,2020-08-15 22:00:04
7,171,3611,SIGN_IN,DETECTOR_1,LOW,2020-02-02 12:45:41
2,183,6679,SIGN_IN,DETECTOR_1,LOW,2020-09-16 06:39:03
6,225,4406,SIGN_IN,DETECTOR_3,LOW,2020-03-25 04:52:21
3,358,1908,SIGN_IN,DETECTOR_1,HIGH,2020-01-01 19:54:23
9,23,6722,POSTURE_CHANGE,DETECTOR_6,LOW,2020-07-21 01:05:37
6,84,6181,POSTURE_CHANGE,DETECTOR_6,HIGH,2020-12-05 05:13:37
8,206,3222,MAILFILTER,DETECTOR_5,HIGH,2020-03-31 05:25:31
2,8,3234,SIGN_IN,DETECTOR_1,LOW,2020-11-04 04:12:49
6,178,8619,SIGN_IN,DETECTOR_1,LOW,2020-10-03 19:41:55
3,383,9999,MAILFILTER,DETECTOR_5,HIGH,2020-08-11 01:30:50
3,290,2834,MAILFILTER,DETECTOR_5,HIGH,2020-01-28 00:03:32
10,206,4749,SIGN_IN,DETECTOR_1,HIGH,2020-01-13 04:08:05
6,71,2049,SIGN_IN,DETECTOR_1,LOW,2020-08-16 03:05:40
4,253,7924,SIGN_IN,DETECTOR_3,HIGH,2020-01-07 03:18:33
4,4,5261,SIGN_IN,DETECTOR_1,LOW,2020-07-08 13:41:48
3,271,5851,SIGN_IN,DETECTOR_2,LOW,2020-01-15 17:30:08
2,185,5021,MAILFILTER,DETECTOR_5,LOW,2020-02-15 13:32:39
2,59,3456,MAILFILTER,DETECTOR_5,LOW,2020-04-09 01:39:05
10,141,4174,MAILFILTER,DETECTOR_5,LOW,2020-02-24 05:26:05
10,8,6202,SIGN_IN,DETECTOR_3,LOW,2020-09-11 10:54:17
2,198,5384,POSTURE_CHANGE,DETECTOR_6,HIGH,2020-06-08 16:30:59
3,34,1351,MAILFILTER,DETECTOR_5,HIGH,2020-05-02 07:15:20
6,95,3518,POSTURE_CHANGE,DETECTOR_6,HIGH,2020-01-05 21:22:53
9,9,2956,SIGN_IN,DETECTOR_2,LOW,2020-09-04 17:52:07
2,128,2550,MAILFILTER,DETECTOR_5,LOW,2020-11-28 04:54:25
1,15,7496,MAILFILTER,DETECTOR_5,HIGH,2020-05-13 04:16:34
7,78,9229,POSTURE_CHANGE,DETECTOR_6,HIGH,2020-06-28 14:18:13
5,5,5710,MAILFILTER,DETECTOR_5,HIGH,2020-07-07 06:19:21
8,210,8371,MAILFILTER,DETECTOR_4,LOW,2020-09-23 17:38:35
3,244,7850,MAILFILTER,DETECTOR_5,LOW,2020-12-13 21:32:08
6,1,1677,SIGN_IN,DETECTOR_2,LOW,2020-06-24 22:07:35
8,57,3544,SIGN_IN,DETECTOR_2,HIGH,2020-02-07 16:10:09
4,161,8449,POSTURE_CHANGE,DETECTOR_6,LOW,2020-02-07 04:41:25
4,219,8823,MAILFILTER,DETECTOR_5,HIGH,2020-09-17 09:33:36
1,24,5550,MAILFILTER,DETECTOR_5,LOW,2020-05-30 20:22:47
6,158,2599,MAILFILTER,DETECTOR_5,LOW,2020-10-01 07:00:14
6,72,2940,SIGN_IN,DETECTOR_2,LOW,2020-01-22 14:10:53
10,11,8074,MAILFILTER,DETECTOR_5,LOW,2020-01-18 02:36:53
7,240,5345,MAILFILTER,DETECTOR_4,HIGH,2020-05-30 23:23:56
6,101,8487,MAILFILTER,DETECTOR_5,HIGH,2020-12-06 10:27:45
10,205,1353,MAILFILTER,DETECTOR_5,LOW,2020-03-02 20:04:43
6,78,6324,POSTURE_CHANGE,DETECTOR_6,HIGH,2020-05-10 18:45:10
8,103,8058,SIGN_IN,DETECTOR_2,LOW,2020-11-14 16:13:18
8,157,5017,SIGN_IN,DETECTOR_1,LOW,2020-03-30 09:18:06
7,267,8914,MAILFILTER,DETECTOR_5,HIGH,2020-08-13 06:19:22
7,348,6371,SIGN_IN,DETECTOR_2,LOW,2020-09-10 01:36:09
10,198,4924,POSTURE_CHANGE,DETECTOR_6,HIGH,2020-03-23 19:41:27
9,27,3455,SIGN_IN,DETECTOR_1,LOW,2020-01-29 10:12:07
4,20,5344,POSTURE_CHANGE,DETECTOR_6,HIGH,2020-02-12 21:58:25
6,1,1692,MAILFILTER,DETECTOR_5,HIGH,2020-06-02 17:51:43
10,84,1881,SIGN_IN,DETECTOR_3,LOW,2020-09-28 22:59:54
3,13,9291,POSTURE_CHANGE,DETECTOR_6,LOW,2020-09-25 03:55:42
3,146,1399,POSTURE_CHANGE,DETECTOR_6,HIGH,2020-06-12 22:07:52
6,6,2445,SIGN_IN,DETECTOR_1,HIGH,2020-07-04 03:28:10
8,14,3151,SIGN_IN,DETECTOR_1,HIGH,2020-04-04 07:45:14
7,183,3795,MAILFILTER,DETECTOR_5,HIGH,2020-12-21 05:38:52
4,28,5860,SIGN_IN,DETECTOR_2,LOW,2020-03-21 11:49:35
8,52,3508,MAILFILTER,DETECTOR_4,HIGH,2020-10-17 19:48:23
7,93,9372,MAILFILTER,DETECTOR_5,LOW,2020-07-06 09:49:50
3,59,5039,MAILFILTER,DETECTOR_5,HIGH,2020-02-26 23:46:14
10,289,8996,MAILFILTER,DETECTOR_5,LOW,2020-02-28 16:42:17
2,193,6590,SIGN_IN,DETECTOR_2,LOW,2020-07-06 15:54:14
3,292,8683,MAILFILTER,DETECTOR_4,HIGH,2020-12-02 10:49:37
3,354,5990,SIGN_IN,DETECTOR_1,LOW,2020-02-03 18:09:23
4,121,9962,MAILFILTER,DETECTOR_5,LOW,2020-11-11 23:24:32
10,284,8040,SIGN_IN,DETECTOR_2,HIGH,2020-07-14 09:25:52
10,286,5320,MAILFILTER,DETECTOR_5,HIGH,2020-02-19 15:09:56
7,45,9378,POSTURE_CHANGE,DETECTOR_6,HIGH,2020-05-20 16:32:26
6,210,9900,SIGN_IN,DETECTOR_2,LOW,2020-10-24 12:52:18
2,74,8200,POSTURE_CHANGE,DETECTOR_6,HIGH,2020-09-20 03:03:47
10,39,2406,MAILFILTER,DETECTOR_5,LOW,2020-07-21 23:09:56
3,192,2658,SIGN_IN,DETECTOR_1,LOW,2020-04-24 20:29:12
2,174,6308,POSTURE_CHANGE,DETECTOR_6,HIGH,2020-02-17 06:55:50
1,47,7445,MAILFILTER,DETECTOR_5,LOW,2020-06-20 02:04:37
7,245,7519,SIGN_IN,DETECTOR_2,LOW,2020-08-28 08:41:36
3,297,8832,SIGN_IN,DETECTOR_1,LOW,2020-12-30 18:27:18
10,61,8289,SIGN_IN,DETECTOR_1,LOW,2020-12-28 17:51:11
8,125,7594,MAILFILTER,DETECTOR_5,HIGH,2020-12-06 14:43:48
6,22,3240,SIGN_IN,DETECTOR_3,HIGH,2020-01-17 18:46:03
2,17,6179,MAILFILTER,DETECTOR_5,LOW,2020-01-10 01:31:00
2,72,4545,SIGN_IN,DETECTOR_3,HIGH,2020-08-09 11:51:04
8,206,6243,MAILFILTER,DETECTOR_5,HIGH,2020-08-16 05:24:17
2,125,3757,SIGN_IN,DETECTOR_2,LOW,2020-12-10 09:49:47
2,25,4046,SIGN_IN,DETECTOR_2,HIGH,2020-01-26 17:43:55
10,282,6370,SIGN_IN,DETECTOR_1,LOW,2020-02-16 02:42:51
10,259,3948,MAILFILTER,DETECTOR_5,HIGH,2020-01-28 14:26:12
7,350,9606,MAILFILTER,DETECTOR_5,LOW,2020-02-05 01:37:36
6,153,6591,SIGN_IN,DETECTOR_2,LOW,2020-08-17 19:06:22
6,56,9334,SIGN_IN,DETECTOR_1,LOW,2020-12-23 19:07:13
9,21,8668,SIGN_IN,DETECTOR_3,LOW,2020-08-12 19:44:50
3,342,5204,MAILFILTER,DETECTOR_5,HIGH,2020-12-16 16:07:30
2,25,6193,SIGN_IN,DETECTOR_3,LOW,2020-02-04 18:01:46
7,186,6830,POSTURE_CHANGE,DETECTOR_6,HIGH,2020-06-16 16:42:44
8,114,6100,MAILFILTER,DETECTOR_5,HIGH,2020-12-13 04:36:24
7,164,3052,MAILFILTER,DETECTOR_5,LOW,2020-09-28 22:02:19
7,275,9603,SIGN_IN,DETECTOR_2,LOW,2020-05-14 14:12:23
1,21,5306,POSTURE_CHANGE,DETECTOR_6,HIGH,2020-03-31 12:19:32
10,45,5510,POSTURE_CHANGE,DETECTOR_6,HIGH,2020-12-27 01:48:14
7,125,7268,SIGN_IN,DETECTOR_3,HIGH,2020-03-22 16:35:12
8,96,9276,SIGN_IN,DETECTOR_1,HIGH,2020-01-27 10:40:47
3,161,7551,MAILFILTER,DETECTOR_5,LOW,2020-04-13 12:24:27
4,215,1096,MAILFILTER,DETECTOR_5,LOW,2020-12-30 22:54:18
6,153,2338,SIGN_IN,DETECTOR_1,HIGH,2020-12-03 06:14:59
8,58,7211,SIGN_IN,DETECTOR_1,LOW,2020-06-12 12:15:15
7,36,2719,MAILFILTER,DETECTOR_4,LOW,2020-11-18 16:09:31
4,267,8332,MAILFILTER,DETECTOR_5,HIGH,2020-03-18 13:41:41
10,38,7542,SIGN_IN,DETECTOR_3,LOW,2020-08-16 11:52:58
10,202,6766,MAILFILTER,DETECTOR_5,LOW,2020-10-21 14:16:03
3,38,4741,SIGN_IN,DETECTOR_2,LOW,2020-08-28 23:45:38
10,194,6794,MAILFILTER,DETECTOR_5,LOW,2020-04-15 15:54:46
5,9,4907,MAILFILTER,DETECTOR_5,HIGH,2020-02-01 15:24:51
7,357,4814,MAILFILTER,DETECTOR_5,HIGH,2020-08-03 09:51:38
8,56,6913,SIGN_IN,DETECTOR_1,HIGH,2020-04-01 20:21:53
3,248,9202,MAILFILTER,DETECTOR_4,HIGH,2020-12-19 11:37:32
7,352,7238,POSTURE_CHANGE,DETECTOR_6,HIGH,2020-05-31 15:50:31
6,129,1732,SIGN_IN,DETECTOR_2,LOW,2020-04-06 05:14:33
3,302,7714,SIGN_IN,DETECTOR_2,HIGH,2020-11-05 09:48:59
1,19,6557,SIGN_IN,DETECTOR_3,LOW,2020-09-18 03:35:21
3,198,3451,SIGN_IN,DETECTOR_2,LOW,2020-12-06 09:09:49
3,115,5171,MAILFILTER,DETECTOR_5,LOW,2020-05-31 00:57:59
7,254,1180,SIGN_IN,DETECTOR_1,HIGH,2020-07-16 04:09:42
10,125,4522,MAILFILTER,DETECTOR_5,LOW,2020-09-03 03:24:02
7,76,3937,SIGN_IN,DETECTOR_2,LOW,2020-12-15 22:21:30
2,130,8869,POSTURE_CHANGE,DETECTOR_6,HIGH,2020-06-16 15:49:34
4,212,2080,SIGN_IN,DETECTOR_1,LOW,2020-10-30 04:50:59
2,90,7518,MAILFILTER,DETECTOR_5,HIGH,2020-06-19 14:39:32
10,179,3778,MAILFILTER,DETECTOR_5,LOW,2020-02-08 19:32:16
8,36,8827,POSTURE_CHANGE,DETECTOR_6,HIGH,2020-09-15 16:05:09
3,252,2545,POSTURE_CHANGE,DETECTOR_6,HIGH,2020-09-07 04:55:40
6,175,6783,MAILFILTER,DETECTOR_5,LOW,2020-07-27 12:09:15
8,51,9910,MAILFILTER,DETECTOR_5,HIGH,2020-09-20 03:02:39
3,276,9206,SIGN_IN,DETECTOR_3,HIGH,2020-07-13 17:52:56
2,77,1165,MAILFILTER,DETECTOR_5,LOW,2020-02-04 00:04:30
8,125,8208,SIGN_IN,DETECTOR_3,LOW,2020-04-24 04:23:27
10,26,2117,SIGN_IN,DETECTOR_2,LOW,2020-08-17 12:43:28
2,140,3331,MAILFILTER,DETECTOR_5,LOW,2020-03-02 13:23:04
4,141,1121,SIGN_IN,DETECTOR_2,HIGH,2020-11-22 09:28:27
2,88,9837,MAILFILTER,DETECTOR_5,HIGH,2020-04-28 19:12:54
9,49,6149,MAILFILTER,DETECTOR_5,HIGH,2020-08-12 19:42:49
4,179,7110,MAILFILTER,DETECTOR_5,LOW,2020-08-07 10:36:29
3,388,4265,MAILFILTER,DETECTOR_5,HIGH,2020-05-28 18:23:29
3,82,5665,SIGN_IN,DETECTOR_2,LOW,2020-07-16 18:10:40
6,23,9567,MAILFILTER,DETECTOR_5,HIGH,2020-01-28 01:09:29
7,32,5910,SIGN_IN,DETECTOR_1,HIGH,2020-04-25 03:13:17
4,120,5214,SIGN_IN,DETECTOR_3,LOW,2020-12-11 10:01:11
3,373,8233,SIGN_IN,DETECTOR_2,LOW,2020-05-14 13:41:57
3,79,2823,MAILFILTER,DETECTOR_5,LOW,2020-11-13 15:33:16
7,320,6922,POSTURE_CHANGE,DETECTOR_6,HIGH,2020-08-01 04:08:13
6,87,5533,SIGN_IN,DETECTOR_3,LOW,2020-05-13 05:24:32
10,261,1027,SIGN_IN,DETECTOR_2,LOW,2020-11-02 06:35:29
4,111,2688,MAILFILTER,DETECTOR_5,HIGH,2020-09-19 05:01:21
3,396,4159,SIGN_IN,DETECTOR_2,HIGH,2020-12-18 06:08:53
10,137,9691,SIGN_IN,DETECTOR_3,LOW,2020-04-19 03:01:26
6,55,1199,POSTURE_CHANGE,DETECTOR_6,HIGH,2020-07-03 19:32:46
9,5,4465,MAILFILTER,DETECTOR_5,HIGH,2020-07-21 15:54:25
10,129,5834,MAILFILTER,DETECTOR_5,HIGH,2020-08-30 18:02:55
4,185,6024,SIGN_IN,DETECTOR_2,HIGH,2020-05-24 09:48:19
7,338,6437,SIGN_IN,DETECTOR_2,LOW,2020-05-05 20:21:05
7,186,3445,SIGN_IN,DETECTOR_3,HIGH,2020-03-11 13:51:12
9,15,3003,SIGN_IN,DETECTOR_3,LOW,2020-02-12 20:49:57
10,271,9765,MAILFILTER,DETECTOR_5,LOW,2020-03-18 22:15:40
9,17,9462,MAILFILTER,DETECTOR_5,HIGH,2020-08-06 15:08:43
7,346,8616,MAILFILTER,DETECTOR_4,HIGH,2020-02-17 16:49:11
2,48,8967,SIGN_IN,DETECTOR_2,LOW,2020-12-30 00:15:00
8,207,4005,SIGN_IN,DETECTOR_2,LOW,2020-10-09 04:53:44
6,163,9313,MAILFILTER,DETECTOR_5,HIGH,2020-04-16 16:31:41
10,95,4028,SIGN_IN,DETECTOR_2,HIGH,2020-05-22 19:37:42
6,103,5563,SIGN_IN,DETECTOR_2,LOW,2020-08-30 12:02:51
10,186,5095,MAILFILTER,DETECTOR_5,LOW,2020-11-15 19:08:26
10,51,5942,MAILFILTER,DETECTOR_5,HIGH,2020-06-09 16:46:56
7,180,5793,SIGN_IN,DETECTOR_2,LOW,2020-04-29 19:09:24
3,110,7132,MAILFILTER,DETECTOR_5,LOW,2020-09-30 10:48:11
7,174,2558,MAILFILTER,DETECTOR_5,HIGH,2020-09-19 04:23:16
10,69,2005,MAILFILTER,DETECTOR_5,HIGH,2020-04-08 18:24:21
8,184,5578,MAILFILTER,DETECTOR_5,HIGH,2020-01-27 03:48:35
8,92,6455,POSTURE_CHANGE,DETECTOR_6,HIGH,2020-06-06 19:29:09
7,250,7104,SIGN_IN,DETECTOR_2,HIGH,2020-08-28 12:13:56
8,187,1334,SIGN_IN,DETECTOR_2,LOW,2020-11-28 06:24:39
6,114,2647,POSTURE_CHANGE,DETECTOR_6,HIGH,2020-06-12 01:45:36
3,194,7767,POSTURE_CHANGE,DETECTOR_6,HIGH,2020-08-10 15:49:52
3,228,6075,MAILFILTER,DETECTOR_5,HIGH,2020-10-29 03:16:54
3,40,8321,SIGN_IN,DETECTOR_1,HIGH,2020-12-25 11:00:20
3,236,3672,SIGN_IN,DETECTOR_2,HIGH,2020-02-06 13:13:35
3,35,5129,MAILFILTER,DETECTOR_5,LOW,2020-05-09 18:55:32
4,16,1493,MAILFILTER,DETECTOR_5,LOW,2020-08-20 13:54:40
3,45,1069,SIGN_IN,DETECTOR_2,LOW,2020-02-20 07:58:00
10,70,7887,MAILFILTER,DETECTOR_5,HIGH,2020-01-01 04:35:13
2,160,6490,SIGN_IN,DETECTOR_1,HIGH,2020-02-17 11:44:42
10,258,3682,MAILFILTER,DETECTOR_5,LOW,2020-06-16 16:39:57
3,174,5006,MAILFILTER,DETECTOR_4,HIGH,2020-11-12 13:52:54
8,75,3475,SIGN_IN,DETECTOR_3,LOW,2020-02-14 08:51:20
3,402,1140,SIGN_IN,DETECTOR_2,HIGH,2020-09-12 05:22:05
8,212,9106,POSTURE_CHANGE,DETECTOR_6,HIGH,2020-11-29 17:01:52
10,266,3925,POSTURE_CHANGE,DETECTOR_6,HIGH,2020-05-12 06:32:16
2,80,5811,MAILFILTER,DETECTOR_4,HIGH,2020-11-24 09:31:48
6,70,6427,POSTURE_CHANGE,DETECTOR_6,HIGH,2020-06-24 09:17:14
4,240,6250,MAILFILTER,DETECTOR_4,LOW,2020-01-26 18:07:28
7,286,8825,POSTURE_CHANGE,DETECTOR_6,LOW,2020-12-27 04:42:01
2,94,6543,SIGN_IN,DETECTOR_2,LOW,2020-02-01 07:21:18
3,288,2512,SIGN_IN,DETECTOR_3,LOW,2020-01-02 18:30:49
8,147,9836,SIGN_IN,DETECTOR_1,LOW,2020-03-18 10:15:55
6,48,8900,SIGN_IN,DETECTOR_1,LOW,2020-08-28 05:41:13
3,135,4835,SIGN_IN,DETECTOR_3,HIGH,2020-11-10 01:22:19
4,23,9235,MAILFILTER,DETECTOR_5,LOW,2020-02-04 22:53:24
4,203,2686,MAILFILTER,DETECTOR_4,LOW,2020-05-08 06:00:03
3,122,4927,SIGN_IN,DETECTOR_2,HIGH,2020-06-19 20:31:12
10,37,6742,SIGN_IN,DETECTOR_1,LOW,2020-11-18 09:55:15
8,215,3236,SIGN_IN,DETECTOR_1,LOW,2020-02-01 05:00:59
3,34,1355,POSTURE_CHANGE,DETECTOR_6,LOW,2020-04-15 15:34:10
4,161,2377,MAILFILTER,DETECTOR_5,HIGH,2020-05-27 18:33:31
2,92,5097,MAILFILTER,DETECTOR_5,LOW,2020-10-15 08:19:59
7,284,2349,SIGN_IN,DETECTOR_2,HIGH,2020-09-02 12:19:27
8,33,1617,SIGN_IN,DETECTOR_1,HIGH,2020-03-27 09:21:12
3,407,7002,SIGN_IN,DETECTOR_1,LOW,2020-02-03 16:32:54
6,88,8482,MAILFILTER,DETECTOR_4,LOW,2020-07-22 06:51:56
8,20,2635,SIGN_IN,DETECTOR_2,LOW,2020-10-18 08:59:48
10,65,7578,SIGN_IN,DETECTOR_2,HIGH,2020-02-14 05:58:05
6,103,8509,MAILFILTER,DETECTOR_5,HIGH,2020-04-12 01:54:30
8,7,2315,SIGN_IN,DETECTOR_3,HIGH,2020-08-11 10:15:39
10,6,3952,SIGN_IN,DETECTOR_1,LOW,2020-01-27 18:17:03
6,170,2126,SIGN_IN,DETECTOR_3,LOW,2020-04-14 13:15:13
7,205,5088,POSTURE_CHANGE,DETECTOR_6,HIGH,2020-09-04 16:11:20
8,168,2035,SIGN_IN,DETECTOR_1,HIGH,2020-09-05 01:02:15
10,64,3504,POSTURE_CHANGE,DETECTOR_6,LOW,2020-09-20 15:35:59
8,144,5904,POSTURE_CHANGE,DETECTOR_6,HIGH,2020-01-24 21:38:09
8,124,3992,MAILFILTER,DETECTOR_5,HIGH,2020-06-29 12:41:05
2,15,3249,SIGN_IN,DETECTOR_2,HIGH,2020-01-11 11:30:38
6,232,1741,MAILFILTER,DETECTOR_4,HIGH,2020-05-06 08:57:57
10,171,5469,SIGN_IN,DETECTOR_1,LOW,2020-02-13 18:45:03
3,368,8077,POSTURE_CHANGE,DETECTOR_6,LOW,2020-08-28 02:45:24
6,18,6092,SIGN_IN,DETECTOR_2,HIGH,2020-07-05 13:56:07
2,93,1451,SIGN_IN,DETECTOR_2,LOW,2020-01-16 06:41:48
3,107,1398,SIGN_IN,DETECTOR_2,LOW,2020-11-22 21:26:28
10,17,7171,MAILFILTER,DETECTOR_5,LOW,2020-12-31 22:01:31
10,123,2482,SIGN_IN,DETECTOR_2,HIGH,2020-11-14 12:38:06
4,246,9994,SIGN_IN,DETECTOR_1,LOW,2020-11-18 11:45:57
3,219,5046,POSTURE_CHANGE,DETECTOR_6,HIGH,2020-07-03 23:12:54
7,356,5316,MAILFILTER,DETECTOR_5,LOW,2020-08-19 11:55:24
1,37,9437,SIGN_IN,DETECTOR_3,LOW,2020-07-27 23:26:30
4,196,5499,SIGN_IN,DETECTOR_2,LOW,2020-02-24 17:41:30
1,35,6793,SIGN_IN,DETECTOR_2,LOW,2020-01-31 22:03:07
3,306,8239,MAILFILTER,DETECTOR_5,HIGH,2020-01-11 13:13:05
7,178,6448,SIGN_IN,DETECTOR_3,LOW,2020-09-05 15:35:07
6,115,5189,SIGN_IN,DETECTOR_2,LOW,2020-06-29 21:14:18
2,34,2951,SIGN_IN,DETECTOR_2,HIGH,2020-03-14 16:32:22
10,149,4721,SIGN_IN,DETECTOR_3,HIGH,2020-12-29 07:40:08
10,277,3342,SIGN_IN,DETECTOR_1,HIGH,2020-03-09 13:27:00
7,2,5453,SIGN_IN,DETECTOR_2,HIGH,2020-07-31 08:28:12
8,55,1013,POSTURE_CHANGE,DETECTOR_6,HIGH,2020-07-26 22:19:50
4,24,1428,MAILFILTER,DETECTOR_4,LOW,2020-04-28 21:35:30
6,193,7679,MAILFILTER,DETECTOR_5,HIGH,2020-07-28 12:26:53
3,407,8781,SIGN_IN,DETECTOR_1,LOW,2020-04-30 18:29:33
8,64,4931,MAILFILTER,DETECTOR_5,LOW,2020-07-31 03:35:54
4,15,6676,MAILFILTER,DETECTOR_5,LOW,2020-04-16 17:19:24
7,25,8934,SIGN_IN,DETECTOR_2,LOW,2020-02-25 07:57:43
7,362,1764,SIGN_IN,DETECTOR_1,LOW,2020-04-09 16:46:24
4,269,5709,MAILFILTER,DETECTOR_5,LOW,2020-01-04 10:44:05
4,31,8316,MAILFILTER,DETECTOR_5,HIGH,2020-08-20 18:30:56
3,248,8701,SIGN_IN,DETECTOR_2,LOW,2020-01-06 04:28:32
3,264,9573,MAILFILTER,DETECTOR_5,HIGH,2020-04-30 10:21:19
10,50,6321,MAILFILTER,DETECTOR_5,LOW,2020-11-20 22:54:14
7,70,9851,POSTURE_CHANGE,DETECTOR_6,LOW,2020-08-09 03:11:54
6,160,4425,SIGN_IN,DETECTOR_1,LOW,2020-06-14 21:45:52
10,93,5933,SIGN_IN,DETECTOR_1,HIGH,2020-04-29 19:46:21
10,227,9482,POSTURE_CHANGE,DETECTOR_6,HIGH,2020-04-11 12:37:06
2,55,5253,SIGN_IN,DETECTOR_1,LOW,2020-01-20 17:08:44
10,259,3640,SIGN_IN,DETECTOR_1,HIGH,2020-07-18 16:50:23
7,169,9622,SIGN_IN,DETECTOR_2,HIGH,2020-02-29 22:12:28
8,62,2095,SIGN_IN,DETECTOR_3,LOW,2020-10-04 04:15:53
7,56,3669,POSTURE_CHANGE,DETECTOR_6,HIGH,2020-09-27 12:53:22
3,273,2675,SIGN_IN,DETECTOR_3,HIGH,2020-03-18 13:58:58
2,6,8228,POSTURE_CHANGE,DETECTOR_6,HIGH,2020-11-12 20:46:45
1,32,7482,MAILFILTER,DETECTOR_5,HIGH,2020-07-11 12:01:45
6,208,6733,SIGN_IN,DETECTOR_2,HIGH,2020-11-13 18:13:34
4,124,8137,POSTURE_CHANGE,DETECTOR_6,LOW,2020-11-07 06:42:48
6,59,5420,SIGN_IN,DETECTOR_3,HIGH,2020-10-24 11:08:48
4,267,2785,SIGN_IN,DETECTOR_1,LOW,2020-10-10 06:00:49
4,265,9481,SIGN_IN,DETECTOR_3,LOW,2020-01-27 18:47:19
7,104,1515,MAILFILTER,DETECTOR_5,LOW,2020-08-25 10:09:03
3,57,6423,MAILFILTER,DETECTOR_5,HIGH,2020-03-29 01:30:36
6,5,5879,POSTURE_CHANGE,DETECTOR_6,HIGH,2020-03-02 11:03:33
2,21,5571,MAILFILTER,DETECTOR_5,LOW,2020-09-13 17:29:51
3,321,1737,MAILFILTER,DETECTOR_5,HIGH,2020-09-23 04:10:47
9,1,7569,MAILFILTER,DETECTOR_5,HIGH,2020-08-12 06:00:45
9,20,3995,POSTURE_CHANGE,DETECTOR_6,LOW,2020-09-09 22:47:04
2,15,7301,SIGN_IN,DETECTOR_2,LOW,2020-05-26 06:22:39
4,104,5454,POSTURE_CHANGE,DETECTOR_6,LOW,2020-09-25 22:31:18
8,49,4270,SIGN_IN,DETECTOR_3,LOW,2020-05-21 05:49:41
7,46,9967,MAILFILTER,DETECTOR_5,LOW,2020-04-28 20:18:29
7,74,5500,MAILFILTER,DETECTOR_4,HIGH,2020-12-02 01:44:14
8,38,5605,MAILFILTER,DETECTOR_5,HIGH,2020-05-06 08:58:47
4,46,7036,POSTURE_CHANGE,DETECTOR_6,HIGH,2020-04-16 05:26:02
6,13,9663,MAILFILTER,DETECTOR_5,HIGH,2020-05-10 06:43:12
10,244,7414,MAILFILTER,DETECTOR_5,LOW,2020-08-16 00:52:18
7,320,6680,MAILFILTER,DETECTOR_5,HIGH,2020-09-26 21:23:19
2,65,7469,SIGN_IN,DETECTOR_3,LOW,2020-06-15 07:00:03
8,99,6986,MAILFILTER,DETECTOR_5,LOW,2020-06-09 06:27:14
6,193,9772,SIGN_IN,DETECTOR_3,HIGH,2020-01-11 01:00:25
6,167,8670,MAILFILTER,DETECTOR_5,LOW,2020-09-15 00:00:41
3,321,8812,MAILFILTER,DETECTOR_4,LOW,2020-02-05 13:23:11
8,37,9148,POSTURE_CHANGE,DETECTOR_6,HIGH,2020-05-19 02:43:11
6,134,1533,MAILFILTER,DETECTOR_5,HIGH,2020-10-11 13:56:02
2,157,1139,SIGN_IN,DETECTOR_3,LOW,2020-03-04 01:33:00
3,192,8721,MAILFILTER,DETECTOR_5,LOW,2020-10-27 19:25:14
10,207,1417,POSTURE_CHANGE,DETECTOR_6,HIGH,2020-09-16 13:16:12
3,383,4849,MAILFILTER,DETECTOR_5,LOW,2020-05-18 11:16:01
3,120,7563,SIGN_IN,DETECTOR_2,LOW,2020-07-05 19:14:11
7,267,6890,POSTURE_CHANGE,DETECTOR_6,HIGH,2020-11-07 10:42:21
7,377,5601,POSTURE_CHANGE,DETECTOR_6,HIGH,2020-02-08 12:35:46
10,57,6898,MAILFILTER,DETECTOR_5,LOW,2020-01-15 01:25:46
7,281,8231,SIGN_IN,DETECTOR_3,LOW,2020-02-21 01:31:54
8,121,1752,SIGN_IN,DETECTOR_1,LOW,2020-11-16 16:13:19
7,189,6241,POSTURE_CHANGE,DETECTOR_6,HIGH,2020-11-27 12:31:18
3,355,7607,SIGN_IN,DETECTOR_2,LOW,2020-10-05 10:53:08
4,194,1453,MAILFILTER,DETECTOR_5,HIGH,2020-06-11 21:53:44
3,106,7103,MAILFILTER,DETECTOR_5,HIGH,2020-06-02 00:33:53
3,211,3244,MAILFILTER,DETECTOR_5,HIGH,2020-12-04 16:29:33
3,209,6850,POSTURE_CHANGE,DETECTOR_6,HIGH,2020-12-02 17:10:54
7,4,4799,MAILFILTER,DETECTOR_5,HIGH,2020-12-24 14:53:21
4,51,3506,SIGN_IN,DETECTOR_2,LOW,2020-09-13 15:44:16
3,9,3907,SIGN_IN,DETECTOR_2,LOW,2020-09-07 21:26:48
4,100,4527,MAILFILTER,DETECTOR_4,HIGH,2020-08-18 05:28:56
8,202,8089,MAILFILTER,DETECTOR_5,HIGH,2020-07-24 00:38:41
6,177,8379,SIGN_IN,DETECTOR_2,HIGH,2020-10-14 21:31:41
7,241,2807,MAILFILTER,DETECTOR_5,HIGH,2020-09-05 04:39:45
10,264,3523,MAILFILTER,DETECTOR_5,LOW,2020-09-16 08:28:46
10,260,6128,SIGN_IN,DETECTOR_1,LOW,2020-08-01 00:34:49
2,156,6306,MAILFILTER,DETECTOR_5,HIGH,2020-09-23 22:11:02
8,196,9200,SIGN_IN,DETECTOR_2,LOW,2020-10-26 05:33:46
2,56,5314,SIGN_IN,DETECTOR_2,LOW,2020-11-23 10:08:39
3,226,6039,POSTURE_CHANGE,DETECTOR_6,HIGH,2020-04-07 02:20:59
8,77,1291,POSTURE_CHANGE,DETECTOR_6,LOW,2020-08-12 17:59:08
3,190,4735,MAILFILTER,DETECTOR_5,HIGH,2020-01-23 15:37:55
7,127,7409,MAILFILTER,DETECTOR_5,HIGH,2020-07-01 11:51:03
1,10,7452,SIGN_IN,DETECTOR_3,LOW,2020-07-20 18:00:24
7,29,4836,MAILFILTER,DETECTOR_5,LOW,2020-01-28 21:09:02
3,386,9664,POSTURE_CHANGE,DETECTOR_6,HIGH,2020-04-19 15:35:23
10,161,6266,MAILFILTER,DETECTOR_4,HIGH,2020-03-23 20:43:08
10,90,6443,SIGN_IN,DETECTOR_1,LOW,2020-03-31 07:03:26
3,77,2079,SIGN_IN,DETECTOR_2,LOW,2020-02-04 03:27:20
7,199,4878,MAILFILTER,DETECTOR_4,HIGH,2020-11-02 18:04:01
1,50,8134,MAILFILTER,DETECTOR_5,HIGH,2020-09-17 00:21:23
7,91,1605,MAILFILTER,DETECTOR_4,HIGH,2020-03-07 05:59:26
2,137,7019,MAILFILTER,DETECTOR_5,LOW,2020-02-04 16:58:46
7,49,6249,SIGN_IN,DETECTOR_2,HIGH,2020-12-12 01:44:44
4,242,8858,SIGN_IN,DETECTOR_1,HIGH,2020-08-28 18:18:51
6,39,1805,SIGN_IN,DETECTOR_2,LOW,2020-12-03 19:11:41
7,233,3463,SIGN_IN,DETECTOR_1,LOW,2020-11-12 18:43:07
6,179,6621,SIGN_IN,DETECTOR_3,HIGH,2020-06-01 18:48:08
4,75,9367,MAILFILTER,DETECTOR_5,HIGH,2020-11-26 08:31:27
10,197,2850,MAILFILTER,DETECTOR_5,HIGH,2020-07-08 01:47:27
2,50,5146,SIGN_IN,DETECTOR_2,LOW,2020-10-16 15:20:37
3,56,9677,SIGN_IN,DETECTOR_1,LOW,2020-08-08 09:09:55
2,123,2739,SIGN_IN,DETECTOR_3,LOW,2020-12-26 19:57:43
2,50,5251,MAILFILTER,DETECTOR_5,LOW,2020-07-24 00:22:26
4,260,4767,SIGN_IN,DETECTOR_2,LOW,2020-03-07 12:08:51
3,253,2313,MAILFILTER,DETECTOR_4,HIGH,2020-12-28 16:09:14
7,122,3051,SIGN_IN,DETECTOR_1,LOW,2020-12-25 06:52:54
6,104,1382,POSTURE_CHANGE,DETECTOR_6,LOW,2020-09-22 14:18:48
10,169,3663,SIGN_IN,DETECTOR_1,LOW,2020-12-10 03:38:04
7,90,4529,MAILFILTER,DETECTOR_5,HIGH,2020-06-21 22:12:41
7,155,7661,SIGN_IN,DETECTOR_1,LOW,2020-04-24 21:55:59
10,259,5082,SIGN_IN,DETECTOR_2,HIGH,2020-12-09 22:45:17
7,102,5809,MAILFILTER,DETECTOR_5,LOW,2020-05-30 17:58:39
4,212,1691,SIGN_IN,DETECTOR_3,LOW,2020-09-28 03:35:46
6,158,1672,POSTURE_CHANGE,DETECTOR_6,HIGH,2020-11-28 11:01:20
3,349,8709,SIGN_IN,DETECTOR_2,HIGH,2020-06-05 14:34:50
6,75,7065,SIGN_IN,DETECTOR_2,LOW,2020-07-07 04:00:40
2,110,6861,MAILFILTER,DETECTOR_5,HIGH,2020-11-06 01:13:44
7,89,2659,MAILFILTER,DETECTOR_5,LOW,2020-12-10 16:20:44
4,132,3998,SIGN_IN,DETECTOR_1,LOW,2020-01-23 12:51:02
2,158,7223,POSTURE_CHANGE,DETECTOR_6,HIGH,2020-06-22 10:15:37
2,115,3442,POSTURE_CHANGE,DETECTOR_6,HIGH,2020-01-23 19:40:45
8,78,1547,POSTURE_CHANGE,DETECTOR_6,LOW,2020-08-04 12:45:21
8,175,8692,MAILFILTER,DETECTOR_4,HIGH,2020-04-19 01:24:58
8,191,1863,SIGN_IN,DETECTOR_3,LOW,2020-07-15 13:58:59
4,162,6989,SIGN_IN,DETECTOR_2,LOW,2020-03-26 06:49:24
7,137,3432,SIGN_IN,DETECTOR_2,LOW,2020-07-19 14:15:03
